USE Papers

INSERT INTO Author VALUES ('A Hospido')
INSERT INTO Author VALUES ('A Vanderzaag')
INSERT INTO Author VALUES ('Adolf A Acquaye')
INSERT INTO Author VALUES ('Adrian G Williams')
INSERT INTO Author VALUES ('Aidan P Duffy')
INSERT INTO Author VALUES ('Alan McKinnon')
INSERT INTO Author VALUES ('Alessandra Zamagni')
INSERT INTO Author VALUES ('Alessandro Galli')
INSERT INTO Author VALUES ('Alessandro Manzardo')
INSERT INTO Author VALUES ('Alfred Posch')
INSERT INTO Author VALUES ('Ana Cláudia Dias')
INSERT INTO Author VALUES ('Anders Hammer Strømman')
INSERT INTO Author VALUES ('Anna Mazzi')
INSERT INTO Author VALUES ('Anne E. Björklund')
INSERT INTO Author VALUES ('Anne-Grete Roer')
INSERT INTO Author VALUES ('Anthony H Waller')
INSERT INTO Author VALUES ('Antonio Scipioni')
INSERT INTO Author VALUES ('Arpad Horvath')
INSERT INTO Author VALUES ('Audun Korsaeth')
INSERT INTO Author VALUES ('B  Wicke')
INSERT INTO Author VALUES ('Bhawna Singh')
INSERT INTO Author VALUES ('Carly Whittaker')
INSERT INTO Author VALUES ('Cecilia Sundberg')
INSERT INTO Author VALUES ('Cheng Hui Pei')
INSERT INTO Author VALUES ('Chris T Hendrickson')
INSERT INTO Author VALUES ('Christian Solli')
INSERT INTO Author VALUES ('Christoph Herrmann')
INSERT INTO Author VALUES ('Christoph J Meinrenken')
INSERT INTO Author VALUES ('Christopther L Weber')
INSERT INTO Author VALUES ('CM Gasol')
INSERT INTO Author VALUES ('Cory Searcy')
INSERT INTO Author VALUES ('D Maxime')
INSERT INTO Author VALUES ('Daniel R Williams')
INSERT INTO Author VALUES ('DC Howard')
INSERT INTO Author VALUES ('DM Bagley')
INSERT INTO Author VALUES ('E Sevigné Itoiz')
INSERT INTO Author VALUES ('Elin Röös')
INSERT INTO Author VALUES ('Erika Kallionpää')
INSERT INTO Author VALUES ('Ertug Ercin')
INSERT INTO Author VALUES ('Fumihiko Kimura')
INSERT INTO Author VALUES ('G Feijoo')
INSERT INTO Author VALUES ('G Rodriguez-Garcia')
INSERT INTO Author VALUES ('Gabor Doka')
INSERT INTO Author VALUES ('Gang Yu')
INSERT INTO Author VALUES ('Gareth Neighbour')
INSERT INTO Author VALUES ('Gemma Cranston')
INSERT INTO Author VALUES ('Gerald Rebitzer')
INSERT INTO Author VALUES ('Gjalt Huppes')
INSERT INTO Author VALUES ('Graham J Treloar')
INSERT INTO Author VALUES ('Gregory M Peters')
INSERT INTO Author VALUES ('Gregory Norris')
INSERT INTO Author VALUES ('Guillaume Majeau-Bettez')
INSERT INTO Author VALUES ('H Scott Matthews')
INSERT INTO Author VALUES ('Hans-Jörg Althaus')
INSERT INTO Author VALUES ('Hazel V Rowley')
INSERT INTO Author VALUES ('Heikki Liimatainen')
INSERT INTO Author VALUES ('Hiroki Hondo')
INSERT INTO Author VALUES ('Hogne Nersund Larsen')
INSERT INTO Author VALUES ('Ilias Kyriazakis')
INSERT INTO Author VALUES ('Ilkka Leinonen')
INSERT INTO Author VALUES ('Ilmo Mäenpää')
INSERT INTO Author VALUES ('Ingrid Strid')
INSERT INTO Author VALUES ('J A Dyer')
INSERT INTO Author VALUES ('J Hotchkiss')
INSERT INTO Author VALUES ('J Moss')
INSERT INTO Author VALUES ('J Rieradevall')
INSERT INTO Author VALUES ('Jan Minx')
INSERT INTO Author VALUES ('Jan Weinzettel')
INSERT INTO Author VALUES ('Jeroen B Guinée')
INSERT INTO Author VALUES ('Jesper Munksgaard')
INSERT INTO Author VALUES ('Jiaojie Han')
INSERT INTO Author VALUES ('JL Hackler')
INSERT INTO Author VALUES ('Johan Kuylenstierna')
INSERT INTO Author VALUES ('Johan Pettersen')
INSERT INTO Author VALUES ('John Barrett')
INSERT INTO Author VALUES ('John W Sutherland')
INSERT INTO Author VALUES ('Jonathan Pryshlakivsky')
INSERT INTO Author VALUES ('Joost R Duflou')
INSERT INTO Author VALUES ('Jyri Seppälä')
INSERT INTO Author VALUES ('K Kaivanto')
INSERT INTO Author VALUES ('Keith James')
INSERT INTO Author VALUES ('Ki-Hoon Lee')
INSERT INTO Author VALUES ('Klaus S Lackner')
INSERT INTO Author VALUES ('Kuishang Feng')
INSERT INTO Author VALUES ('Laura Sokka')
INSERT INTO Author VALUES ('Luís Arroja')
INSERT INTO Author VALUES ('M Berners-Lee')
INSERT INTO Author VALUES ('M Carus')
INSERT INTO Author VALUES ('M Weiss')
INSERT INTO Author VALUES ('M Wellisch')
INSERT INTO Author VALUES ('Manfred Lenzen')
INSERT INTO Author VALUES ('Marcelle C McManus')
INSERT INTO Author VALUES ('Maria Csutora')
INSERT INTO Author VALUES ('Markus Pöllänen')
INSERT INTO Author VALUES ('Martha J Stevenson')
INSERT INTO Author VALUES ('Michael McGuire')
INSERT INTO Author VALUES ('Michael Spielmann')
INSERT INTO Author VALUES ('Michele Mastrobuono')
INSERT INTO Author VALUES ('MK Patel')
INSERT INTO Author VALUES ('MT Moriera')
INSERT INTO Author VALUES ('Niels Jungbluth')
INSERT INTO Author VALUES ('Nina Braschel')
INSERT INTO Author VALUES ('Ola Moa Gausen')
INSERT INTO Author VALUES ('Oliver Baboulet')
INSERT INTO Author VALUES ('Oliver Jolliet')
INSERT INTO Author VALUES ('Ottar Michelsen')
INSERT INTO Author VALUES ('P Pawelzik')
INSERT INTO Author VALUES ('Paolo Masoni')
INSERT INTO Author VALUES ('Pauline Deutz')
INSERT INTO Author VALUES ('Pekka Stenholm')
INSERT INTO Author VALUES ('Per-Anders Hansson')
INSERT INTO Author VALUES ('Pernilla Tidåker')
INSERT INTO Author VALUES ('Pete Smith')
INSERT INTO Author VALUES ('Petri Tapio')
INSERT INTO Author VALUES ('R Farreny')
INSERT INTO Author VALUES ('R L Desjardins')
INSERT INTO Author VALUES ('R Naraya')
INSERT INTO Author VALUES ('RA Houghton')
INSERT INTO Author VALUES ('Reinout Heijungs')
INSERT INTO Author VALUES ('Ri Na Sa')
INSERT INTO Author VALUES ('Richard Wood')
INSERT INTO Author VALUES ('Robert H Crawford')
INSERT INTO Author VALUES ('Roberto Buonamici')
INSERT INTO Author VALUES ('Roberto Dones')
INSERT INTO Author VALUES ('Rolf Frischknecht')
INSERT INTO Author VALUES ('Ronald Hischier')
INSERT INTO Author VALUES ('rudolf the red nosed reindeer')
INSERT INTO Author VALUES ('Rui Zhao')
INSERT INTO Author VALUES ('S C Lenny Koh')
INSERT INTO Author VALUES ('S Selke')
INSERT INTO Author VALUES ('Sami Kara')
INSERT INTO Author VALUES ('Sangwon Suh')
INSERT INTO Author VALUES ('Scott M Kaufman')
INSERT INTO Author VALUES ('Shozo Takata')
INSERT INTO Author VALUES ('Shu You Zhang')
INSERT INTO Author VALUES ('Siddharth Ramesh')
INSERT INTO Author VALUES ('Simon McQueen-Mason')
INSERT INTO Author VALUES ('Sirkka Koskela')
INSERT INTO Author VALUES ('Stefan Schaltegger')
INSERT INTO Author VALUES ('Stefanie Hellweg')
INSERT INTO Author VALUES ('Suvi Pakarinen')
INSERT INTO Author VALUES ('Sven Lundie')
INSERT INTO Author VALUES ('Tetsuo Tomiyama')
INSERT INTO Author VALUES ('Thomas Heck')
INSERT INTO Author VALUES ('Thomas Nemecek')
INSERT INTO Author VALUES ('Thomas Wiedmann')
INSERT INTO Author VALUES ('Tomas Ekvall')
INSERT INTO Author VALUES ('Tomas Rydberg')
INSERT INTO Author VALUES ('Trond Maukon Henriksen')
INSERT INTO Author VALUES ('Troy R Hawkins')
INSERT INTO Author VALUES ('Tuomas J Mattila')
INSERT INTO Author VALUES ('Uwe Klann')
INSERT INTO Author VALUES ('WA Scott')
INSERT INTO Author VALUES ('Wesley W Ingwersen')
INSERT INTO Author VALUES ('Wolfram Krewitt')
INSERT INTO Author VALUES ('X Gabarrell')
INSERT INTO Author VALUES ('X P C Vergé')
INSERT INTO Author VALUES ('Xiu Fen Zhang')
INSERT INTO Author VALUES ('Y Arcand')
INSERT INTO Author VALUES ('Yasushi Umeda')
INSERT INTO Author VALUES ('Yinshan Tang')
INSERT INTO Author VALUES ('Yuichi Moriguchi')
INSERT INTO Author VALUES ('Zhi Yong Hu')

INSERT INTO Keyword VALUES ('Boundary conditions')
INSERT INTO Keyword VALUES ('Carbon footprinting application')
INSERT INTO Keyword VALUES ('Carbon footprinting method')
INSERT INTO Keyword VALUES ('Carbon footprinting model')
INSERT INTO Keyword VALUES ('Carbon storage')
INSERT INTO Keyword VALUES ('Case study')
INSERT INTO Keyword VALUES ('CEPI')
INSERT INTO Keyword VALUES ('Comparison')
INSERT INTO Keyword VALUES ('Comparison of methods')
INSERT INTO Keyword VALUES ('Decision making tool')
INSERT INTO Keyword VALUES ('Definition')
INSERT INTO Keyword VALUES ('Definition of carbon footprint')
INSERT INTO Keyword VALUES ('Double counting')
INSERT INTO Keyword VALUES ('ecoInvent')
INSERT INTO Keyword VALUES ('Error calculation')
INSERT INTO Keyword VALUES ('Game theory')
INSERT INTO Keyword VALUES ('hybrid')
INSERT INTO Keyword VALUES ('Input-output footprint')
INSERT INTO Keyword VALUES ('ISO standards')
INSERT INTO Keyword VALUES ('Land use change')
INSERT INTO Keyword VALUES ('LCI database')
INSERT INTO Keyword VALUES ('Life cycle analysis')
INSERT INTO Keyword VALUES ('Life cycle sustainability analysis')
INSERT INTO Keyword VALUES ('Literature analysis')
INSERT INTO Keyword VALUES ('Monte carlo technique')
INSERT INTO Keyword VALUES ('non Carbon dioxide indicators')
INSERT INTO Keyword VALUES ('PAS2050')
INSERT INTO Keyword VALUES ('Product category rules')
INSERT INTO Keyword VALUES ('Product design')
INSERT INTO Keyword VALUES ('scenario analysis')
INSERT INTO Keyword VALUES ('sensitivity analysis')
INSERT INTO Keyword VALUES ('structural path analysis')
INSERT INTO Keyword VALUES ('uncertainty')
INSERT INTO Keyword VALUES ('waste')

SET IDENTITY_INSERT Paper ON;
INSERT INTO Paper(intId, intYear, strTitle, strType, strPublication, strNotes) VALUES(1, 2012, 'Fast carbon footprinting for large product portfolios', 'Journal', 'Journal of Industrial Ecology', 'Emissions factors are devised by aggregating differnet factors from the EcoInvent database, the factors are then averaged, and the standard deviation is used to provide an error estimate (+- percentage). Emissions factors seem a bit questionable because of the aggregation.')
INSERT INTO Paper(intId, intYear, strTitle, strType, strPublication, strNotes) VALUES(2, 2008, 'A definition of “carbon footprint”', 'report', NULL, 'Provides a definition of carbon footprint. Argues that it should only include CO2 (and no other GHG"s). Gives a brief comparison of process versus input-output and concludes that hybrid is the best method to use.')
INSERT INTO Paper(intId, intYear, strTitle, strType, strPublication, strNotes) VALUES(3, 2005, 'Methods for life cycle inventory of a product', 'Journal', 'Journal of cleaner production', 'Compares input-output, process and several variants of hybrid carbon footprinting in terms of time, required effort, compliance to ISO standards, and data requirements. Concludes that none are "the best" but use of each is situation specific although some are better than others. uses matrix equations to highlight the differences between hybrid techniques. Useful paper.')
INSERT INTO Paper(intId, intYear, strTitle, strType, strPublication, strNotes) VALUES(4, 2011, 'Identification of "carbon hot-spots" and quantification of GHG intensities in biodiesel supply chain using hybrid LCA and structural path analysis', 'Journal', 'Environmental science and technology', 'performs a "integrated hybrid LCA" (see Suh and Huppes (2005)) on biofuel production. calculates uncertainty for results. Uses structural path analysis (based on Taylor expansion) to disaggregate different parts of life cycle.')
INSERT INTO Paper(intId, intYear, strTitle, strType, strPublication, strNotes) VALUES(5, 2010, 'Evaluating the environmental performance of a university', 'Journal', 'Journal of cleaner production', 'Details a software tool (Path eXChange method (PXC)) for understanding effects of change when implementing carbon reductions in an organisation. A set of emissions factors is used (based on structural path analysis) and then these are optimised to be more specific or use better things.')
INSERT INTO Paper(intId, intYear, strTitle, strType, strPublication, strNotes) VALUES(6, 2002, 'Survey of approaches to improve reliability in LCA', 'Journal', 'International journal of life cycle assessment', 'Details different types of uncertainty, as well as  shortcomings in uncertainty analyses. Also provides possible techniques for accurately measuring uncertainty. Discusses why uncertainty is calculated and concludes that it needs to be simple, quick, and light on data requirements.')
INSERT INTO Paper(intId, intYear, strTitle, strType, strPublication, strNotes) VALUES(7, 2004, 'The ecoinvent database: Overview and methodological framework', 'Journal', 'International journal of life cycle assessment', 'describes the design of the ecoInvent database (v1.1). Claims that they have a large dataset of LCI data, as well as transparent methodology and uncertainty analysis of it.')
INSERT INTO Paper(intId, intYear, strTitle, strType, strPublication, strNotes) VALUES(8, 2012, 'Monitoring the carbon footprint of products: a methodological proposal', 'Journal', 'Journal of cleaner production', 'details a life cycle assessment method, designed around ISO 14064 and 14040. Performs case study on 2 plastic bottles. No uncertainty analysis performed.')
INSERT INTO Paper(intId, intYear, strTitle, strType, strPublication, strNotes) VALUES(9, 2012, 'Methodology to model the energy and greenhouse gas emissions of electronic software distributions.', 'Journal', 'Environmental science and technology', 'details a methodology for carbon footprinting (based on PAS2050) and compared the energy consumption and GHG emissions of software distribution either via physical (sending and installing from a DVD) or digital (downloading from online) and both (installing from online with a physical backup disk). Uncertainty was mentioned but not quantified (beyond this has high uncertainty etc.)')
INSERT INTO Paper(intId, intYear, strTitle, strType, strPublication, strNotes) VALUES(10, 2013, 'Comparative environmental life cycle assessment of conventional and electric vehicles', 'Journal', 'International journal of life cycle assessment', 'Compares the environmental impact of electriv vehicles versus that of petrol and diesel vehicles. Compares more than carbon emissions and performs a sensitivity analysis for uncertainty.')
INSERT INTO Paper(intId, intYear, strTitle, strType, strPublication, strNotes) VALUES(11, 2011, 'Life Cycle Assessment : Past, Present, and Future', 'Journal', 'Environmental science and technology', 'presents a history of life cycle assessment and predicts the coming of "life cycle sustainability assessment", which is more of a framework for choosing from a group of LCA models, rather than being a model in itself.')
INSERT INTO Paper(intId, intYear, strTitle, strType, strPublication, strNotes) VALUES(12, 2011, 'Integrating carbon footprint into supply chain management: the case of Hyundai Motor Company (HMC) in the automobile industry', 'Journal', 'Journal of cleaner production', 'case study of calculating carbon emissions of the supply chain of a car. Describes the methodology of collecting data by measurements and interviews with staff etc.')
INSERT INTO Paper(intId, intYear, strTitle, strType, strPublication, strNotes) VALUES(13, 2011, 'A greenhouse gas footprint analysis of UK central government, 1990-2008', 'Journal', 'Environmental science and technology', 'Case study applying input-output footprinting method to UK government. Uses a two region model, UK and rest-of-world.')
INSERT INTO Paper(intId, intYear, strTitle, strType, strPublication, strNotes) VALUES(14, 2008, 'Uncertainty Analysis of the UK-MRIO Model–Results from a Monte-Carlo Analysis of the UK Multi-Region Input-Output Model (Embedded Carbon Dioxide', 'report', 'Report to the Department for Environment, Food and Rural Affairs', 'Uncertainty analysis of CenSA input-output model from 1992 to 2004. They calculate the uncertainty of all aspects of the model (ONS data, matrix balancing, input-output tables etc.)')
INSERT INTO Paper(intId, intYear, strTitle, strType, strPublication, strNotes) VALUES(15, 2008, 'The importance of carbon footprint estimation boundaries', 'Journal', 'Environmental science and technology', 'Investigates boundaries around carbon footprinting and concludes that the standards are not reporting on enough, as they only require the reporting of scope 1 and 2 emissions, while the majority of emissions are actually scope 3.')
INSERT INTO Paper(intId, intYear, strTitle, strType, strPublication, strNotes) VALUES(16, 2011, 'Greenhouse gas footprint for small businesses - the use of input-output data', 'Journal', 'Science of the total environment', 'develops a hybrid model based primarily on input-output, primarily designed to help small businesses with their carbon footprint. More of a "what if" than a carbon footprint.')
INSERT INTO Paper(intId, intYear, strTitle, strType, strPublication, strNotes) VALUES(17, 2010, 'Quantifying the total environmental impacts of an industrial symbiosis - a comparison of process-, hybrid, and input-output life cycle assessment', 'Journal', 'Environmental science and technology', 'compares process, IO and hybrid techniques on carbon footprint and other things. Concludes that, when compared to hybrid, process underestimates and IO over estimates on carbon footprint')
INSERT INTO Paper(intId, intYear, strTitle, strType, strPublication, strNotes) VALUES(18, 2009, 'A hybrid life cycle assessment model for comparison with conventional methodologies in Australia', 'Journal', 'International journal of life cycle assessment', 'compares process, input-output, and a tiered hybrid analysis with a case study based in australia. Compares on more than just GWP.')
INSERT INTO Paper(intId, intYear, strTitle, strType, strPublication, strNotes) VALUES(19, 2004, 'System boundary selection in life-cycle inventories using hybrid approaches', 'Journal', 'Environmental science and technology', 'compares the 3 hybrid carbon footprinting methods in terms of boundary conditions. Concludes that tiered hybrid leads to double counting, IO basd hybrid has several issues, and integrated hybrid is conplex and requires a lot of data.')
INSERT INTO Paper(intId, intYear, strTitle, strType, strPublication, strNotes) VALUES(20, 2013, 'Critical aspects in the life cycle assessment (LCA) of bio-based materials - reviewing methodologies and deriving recommendations', 'Journal', 'Resources, conservation and recycling', 'describes the various approaches to carbon footprinting in terms of bio-based materials, i.e. storing carbon in soil, and the effects of time on the reporting of these emissions.')
INSERT INTO Paper(intId, intYear, strTitle, strType, strPublication, strNotes) VALUES(21, 2013, 'Can carbon footprint serve as an indicator of the environmental impact of meat production?', 'Journal', 'Ecological indicators', 'Assesses whether carbon footprint can be used as a proxy for other environmental factors (acidification, eutrophication etc.) in meat production. Concludes that for some it can but for some it can"t.')
INSERT INTO Paper(intId, intYear, strTitle, strType, strPublication, strNotes) VALUES(22, 2013, 'A comparison of carbon accounting tools for arable crops in the united kingdom', 'Journal', 'Environmental modelling and software', 'Compares different online tools for assessing the carbon footprint of arable land. Concludes that tools that are user friendly tend to produce less comprehensive (in terms of what"s included).')
INSERT INTO Paper(intId, intYear, strTitle, strType, strPublication, strNotes) VALUES(23, 1999, 'Emissions of carbon from forestry and land-use change in tropical Asia', 'Journal', 'Global change biology', 'Discusses emissions from land use change in Asia. Describes emissions from changing different types of forrestry land to arrable land.')
INSERT INTO Paper(intId, intYear, strTitle, strType, strPublication, strNotes) VALUES(24, 2013, 'A review of system boundaries of GHG emission inventories in waste management', 'Journal', 'Journal of cleaner production', 'Literature review of carbon footprinting of waste sector. concludes that it"s a complex topic and that care needs to be taken when selecting boundaries etc.')
INSERT INTO Paper(intId, intYear, strTitle, strType, strPublication, strNotes) VALUES(25, 2013, 'A footprint family extended MRIO model to support Europe"s transition to a one planet economy', 'Journal', 'Science of the total environment', 'Creates a hybrid input output model that accounts for carbon, water, and ecological footprint. Concludes that some resolution is lost for the two latter as they were previously based on process models.')
INSERT INTO Paper(intId, intYear, strTitle, strType, strPublication, strNotes) VALUES(26, 2013, 'Comparing the environmental impacts of alternative protein crops in poultry diets: the consequences of uncertainty', 'Journal', 'Agricultural systems', 'Calculates a number of environmental indicators (including co2) and uses monte carlo to do an uncertainty within the farming sector. Includes land use change')
INSERT INTO Paper(intId, intYear, strTitle, strType, strPublication, strNotes) VALUES(27, 2013, 'Sensitivity analysis of environmentally extended input-output models as a tool for building scenarios of sustainable development', 'Journal', 'Ecological economics', 'Sensitivity applied to an input-output model. Model includes non carbon footprint indicators and concludes that a small number of parameters make up approx. 99% of the carbon footprint. Would be interesting to apply to GreenInsight and see how well that does.')
INSERT INTO Paper(intId, intYear, strTitle, strType, strPublication, strNotes) VALUES(28, 2013, 'Carbon footprint of Canadian dairy products: Calculations and issues', 'Journal', 'Journal of dairy science', 'Creates a hybrid model to calculate the carbon footprint of dairy products in Canada. Limitted use.')
INSERT INTO Paper(intId, intYear, strTitle, strType, strPublication, strNotes) VALUES(29, 2013, 'Fifteen years of ISO 14040: a review', 'Journal', 'Journal of cleaner production', 'Reviews the ISO 14040 LCA standard from its inception (in 1997) and comments on its limitations. Claims that things are still poorly defined and open to interpretaiton but the standard has got a lot better.')
INSERT INTO Paper(intId, intYear, strTitle, strType, strPublication, strNotes) VALUES(30, 2013, 'Decarbonizing road freight in the future - detailed scenarios of the carbon emissions of Finnish road freight transport in 2030 using a Delphi method approach', 'Journal', 'Technological forecasting and social change', 'analysis of 6 different scenarios of the future of Finnish freight transport. Concludes that Finland can meet their targets by 2030 based on results of scenarios.')
INSERT INTO Paper(intId, intYear, strTitle, strType, strPublication, strNotes) VALUES(31, 2013, 'CO2ZW: carbon footprint tool for municipal solid waste management for policy options in Europe. Inventory of mediterranean countries', 'Journal', 'Energy policy', 'Describes a tool for calculating the carbon footprint of waste products. Performs a sensitivity analysis of the tool and concludes that there is a strong potential for CO2 reduction by waste efficiency policies.')
INSERT INTO Paper(intId, intYear, strTitle, strType, strPublication, strNotes) VALUES(32, 2012, 'Comparison of methodologies for estimating the carbon footprint - a case study of office paper', 'Journal', 'Journal of cleaner production', 'Compares ISO14040/44, PAS2050, and CEPI on the footprints they produce. concludes that under these methodologies footprints of 4.64, 4.74, and 4.29 gCO2e respectively. Not 100% sure on the comparison as the PAS2050 is a method but ISO and CEPI are frameworks and not methods.')
INSERT INTO Paper(intId, intYear, strTitle, strType, strPublication, strNotes) VALUES(33, 2012, 'Environmental impacts of hybrid and electric vehicles - a review', 'Journal', 'International journal of life cycle assessment', 'Compares literature on the carbon footprints (and some other indicators) of types of cars (internal combustion, electric, plug in hybrid, etc.) Concludes that not a lot of literature has focussed on the correct aspects. E.g. not enough focuesses on the battery emmissions or the emissions from vehicle constructions.')
INSERT INTO Paper(intId, intYear, strTitle, strType, strPublication, strNotes) VALUES(34, 2012, 'Can we compare the environmental performance of this product to that one? An update on the development of product category rules and future challenges toward alignment', 'Journal', 'Journal of cleaner production', 'Talks about product category rules as a way of comparing products in a more uniform way. They can provide more information than a carbon footprint (e.g. social information).')
INSERT INTO Paper(intId, intYear, strTitle, strType, strPublication, strNotes) VALUES(35, 2012, 'An investigation of the relationship between recycling paper and card and greenhouse gas emissions from land use change', 'Journal', 'Resources, conservation and recycling', 'Describes how wood shouldn"t be considered carbon neutral as, although trees store carbon, they"re not the only storage of carbon in forrests and more carbon is lost than stored. This is due to land use change.')
INSERT INTO Paper(intId, intYear, strTitle, strType, strPublication, strNotes) VALUES(36, 2012, 'Supply chain management - how can we reduce our energy/climate footprint?', 'Journal', 'Energy procedia', 'calculates the carbon footprint of Norwegian municipalities. Performs a short literature review of Input output versus life cycle assessment and introduces hybrid. Claims that 90-95% of Norway"s carbon footprint is indirect (scope 2 and 3) and shows that 76% is scope 3 in 2010.')
INSERT INTO Paper(intId, intYear, strTitle, strType, strPublication, strNotes) VALUES(37, 2012, 'A methodology to estimate greenhouse gases emissions in life cycle inventories of wastewater treatment plants', 'Journal', 'Environmental impact assessment review', 'Describes a model for carbon and N2O emissions from wastewater treatment. Very detailed and includes a lot of detail on many sources (e.g. anaerobic digestion combined with biogas boiler.)')
INSERT INTO Paper(intId, intYear, strTitle, strType, strPublication, strNotes) VALUES(38, 2012, 'The influence of system boundaries on life cycle assessment of grain production in central southeast Norway', 'Journal', 'Agricultural systems', 'Describes the importance of boundary conditions, specifically when applied to grain production in Norway. Concludes that, when aspects like machinary footprints etc. are excluded from the analysis the result drops by approx. 40%.')
INSERT INTO Paper(intId, intYear, strTitle, strType, strPublication, strNotes) VALUES(39, 2012, 'Carbon accounting for sustainability and management. Status quo and challenges', 'Journal', 'Journal of cleaner production', 'Describes "carbon accounting." It"s carbon footprinting from multiple perspectives (scientific, consumer, etc.) Concludes that there needs to be consensus across these accountings.')
INSERT INTO Paper(intId, intYear, strTitle, strType, strPublication, strNotes) VALUES(40, 2012, 'Toward integrated product and process life cycle planning - an environmental perspective', 'Journal', 'Manufacturing technology', 'Describes the need to consider a products carbon footprint when designing a product to ensure that product is environmentally friendly. Claims that environmental design is not considered enough when designing products.')
INSERT INTO Paper(intId, intYear, strTitle, strType, strPublication, strNotes) VALUES(41, 2012, 'Identification of connection units with high GHG emissions for low-carbon product structure design', 'Journal', 'Journal of cleaner production', 'Designs a new method for calculating the carbon footprint of a product. Calculates the carbon footprint of connecting components (for example a glueing 2 things together) and sums to get the total. Seems very computationally intensive (more so than standard Life cycle assessment.)')
INSERT INTO Paper(intId, intYear, strTitle, strType, strPublication, strNotes) VALUES(42, 2012, 'Using game theory to describe strategy selection for environmental risk and carbon emissions reduction in the green supply chain', 'Journal', 'Journal of loss prevention in the process industry', 'Describes the application of game theory to the descision by manufacturers in product design. Assumes that suppliers want to make environmentally friendly products but the cost is the main inhibiting factor.')
SET IDENTITY_INSERT Paper OFF;

INSERT INTO Paper_Keyword VALUES(1,'Carbon footprinting model')
INSERT INTO Paper_Keyword VALUES(1,'Error calculation')
INSERT INTO Paper_Keyword VALUES(1,'hybrid')
INSERT INTO Paper_Keyword VALUES(2,'Definition of carbon footprint')
INSERT INTO Paper_Keyword VALUES(2,'Double counting')
INSERT INTO Paper_Keyword VALUES(2,'Literature analysis')
INSERT INTO Paper_Keyword VALUES(3,'Carbon footprinting model')
INSERT INTO Paper_Keyword VALUES(3,'Comparison of methods')
INSERT INTO Paper_Keyword VALUES(3,'hybrid')
INSERT INTO Paper_Keyword VALUES(4,'hybrid')
INSERT INTO Paper_Keyword VALUES(4,'Life cycle analysis')
INSERT INTO Paper_Keyword VALUES(4,'structural path analysis')
INSERT INTO Paper_Keyword VALUES(4,'uncertainty')
INSERT INTO Paper_Keyword VALUES(5,'Decision making tool')
INSERT INTO Paper_Keyword VALUES(5,'hybrid')
INSERT INTO Paper_Keyword VALUES(5,'structural path analysis')
INSERT INTO Paper_Keyword VALUES(6,'Life cycle analysis')
INSERT INTO Paper_Keyword VALUES(6,'uncertainty')
INSERT INTO Paper_Keyword VALUES(7,'ecoInvent')
INSERT INTO Paper_Keyword VALUES(7,'LCI database')
INSERT INTO Paper_Keyword VALUES(7,'uncertainty')
INSERT INTO Paper_Keyword VALUES(8,'Carbon footprinting method')
INSERT INTO Paper_Keyword VALUES(8,'ISO standards')
INSERT INTO Paper_Keyword VALUES(8,'Life cycle analysis')
INSERT INTO Paper_Keyword VALUES(9,'Carbon footprinting model')
INSERT INTO Paper_Keyword VALUES(9,'Life cycle analysis')
INSERT INTO Paper_Keyword VALUES(9,'PAS2050')
INSERT INTO Paper_Keyword VALUES(10,'Comparison')
INSERT INTO Paper_Keyword VALUES(10,'Life cycle analysis')
INSERT INTO Paper_Keyword VALUES(10,'non Carbon dioxide indicators')
INSERT INTO Paper_Keyword VALUES(10,'sensitivity analysis')
INSERT INTO Paper_Keyword VALUES(10,'uncertainty')
INSERT INTO Paper_Keyword VALUES(11,'Life cycle analysis')
INSERT INTO Paper_Keyword VALUES(11,'Life cycle sustainability analysis')
INSERT INTO Paper_Keyword VALUES(11,'Literature analysis')
INSERT INTO Paper_Keyword VALUES(12,'Case study')
INSERT INTO Paper_Keyword VALUES(12,'Life cycle analysis')
INSERT INTO Paper_Keyword VALUES(13,'Case study')
INSERT INTO Paper_Keyword VALUES(13,'Input-output footprint')
INSERT INTO Paper_Keyword VALUES(14,'Input-output footprint')
INSERT INTO Paper_Keyword VALUES(14,'sensitivity analysis')
INSERT INTO Paper_Keyword VALUES(14,'uncertainty')
INSERT INTO Paper_Keyword VALUES(15,'Boundary conditions')
INSERT INTO Paper_Keyword VALUES(15,'Case study')
INSERT INTO Paper_Keyword VALUES(15,'Input-output footprint')
INSERT INTO Paper_Keyword VALUES(16,'Carbon footprinting method')
INSERT INTO Paper_Keyword VALUES(16,'hybrid')
INSERT INTO Paper_Keyword VALUES(16,'Input-output footprint')
INSERT INTO Paper_Keyword VALUES(17,'Comparison of methods')
INSERT INTO Paper_Keyword VALUES(17,'hybrid')
INSERT INTO Paper_Keyword VALUES(17,'Input-output footprint')
INSERT INTO Paper_Keyword VALUES(17,'Life cycle analysis')
INSERT INTO Paper_Keyword VALUES(18,'Comparison of methods')
INSERT INTO Paper_Keyword VALUES(18,'hybrid')
INSERT INTO Paper_Keyword VALUES(18,'Input-output footprint')
INSERT INTO Paper_Keyword VALUES(18,'Life cycle analysis')
INSERT INTO Paper_Keyword VALUES(18,'non Carbon dioxide indicators')
INSERT INTO Paper_Keyword VALUES(19,'Boundary conditions')
INSERT INTO Paper_Keyword VALUES(19,'Comparison of methods')
INSERT INTO Paper_Keyword VALUES(19,'hybrid')
INSERT INTO Paper_Keyword VALUES(20,'Carbon storage')
INSERT INTO Paper_Keyword VALUES(20,'Comparison')
INSERT INTO Paper_Keyword VALUES(20,'Life cycle analysis')
INSERT INTO Paper_Keyword VALUES(20,'Literature analysis')
INSERT INTO Paper_Keyword VALUES(21,'Life cycle analysis')
INSERT INTO Paper_Keyword VALUES(21,'non Carbon dioxide indicators')
INSERT INTO Paper_Keyword VALUES(22,'Comparison of methods')
INSERT INTO Paper_Keyword VALUES(22,'Life cycle analysis')
INSERT INTO Paper_Keyword VALUES(23,'Carbon storage')
INSERT INTO Paper_Keyword VALUES(23,'Land use change')
INSERT INTO Paper_Keyword VALUES(24,'Boundary conditions')
INSERT INTO Paper_Keyword VALUES(24,'Waste')
INSERT INTO Paper_Keyword VALUES(25,'Input-output footprint')
INSERT INTO Paper_Keyword VALUES(25,'non Carbon dioxide indicators')
INSERT INTO Paper_Keyword VALUES(26,'Land use change')
INSERT INTO Paper_Keyword VALUES(26,'Life cycle analysis')
INSERT INTO Paper_Keyword VALUES(26,'Monte carlo technique')
INSERT INTO Paper_Keyword VALUES(26,'non Carbon dioxide indicators')
INSERT INTO Paper_Keyword VALUES(26,'uncertainty')
INSERT INTO Paper_Keyword VALUES(27,'Input-output footprint')
INSERT INTO Paper_Keyword VALUES(27,'non Carbon dioxide indicators')
INSERT INTO Paper_Keyword VALUES(27,'sensitivity analysis')
INSERT INTO Paper_Keyword VALUES(28,'Carbon footprinting method')
INSERT INTO Paper_Keyword VALUES(28,'hybrid')
INSERT INTO Paper_Keyword VALUES(29,'ISO standards')
INSERT INTO Paper_Keyword VALUES(29,'Life cycle analysis')
INSERT INTO Paper_Keyword VALUES(29,'Literature analysis')
INSERT INTO Paper_Keyword VALUES(30,'Comparison')
INSERT INTO Paper_Keyword VALUES(30,'scenario analysis')
INSERT INTO Paper_Keyword VALUES(31,'sensitivity analysis')
INSERT INTO Paper_Keyword VALUES(31,'waste')
INSERT INTO Paper_Keyword VALUES(32,'Case study')
INSERT INTO Paper_Keyword VALUES(32,'CEPI')
INSERT INTO Paper_Keyword VALUES(32,'Comparison of methods')
INSERT INTO Paper_Keyword VALUES(32,'ISO standards')
INSERT INTO Paper_Keyword VALUES(32,'PAS2050')
INSERT INTO Paper_Keyword VALUES(33,'Comparison')
INSERT INTO Paper_Keyword VALUES(33,'Literature analysis')
INSERT INTO Paper_Keyword VALUES(33,'non Carbon dioxide indicators')
INSERT INTO Paper_Keyword VALUES(34,'non Carbon dioxide indicators')
INSERT INTO Paper_Keyword VALUES(34,'Product category rules')
INSERT INTO Paper_Keyword VALUES(35,'Comparison')
INSERT INTO Paper_Keyword VALUES(35,'Land use change')
INSERT INTO Paper_Keyword VALUES(35,'Life cycle analysis')
INSERT INTO Paper_Keyword VALUES(36,'Literature analysis')
INSERT INTO Paper_Keyword VALUES(37,'Carbon footprinting model')
INSERT INTO Paper_Keyword VALUES(37,'non Carbon dioxide indicators')
INSERT INTO Paper_Keyword VALUES(37,'waste')
INSERT INTO Paper_Keyword VALUES(38,'Boundary conditions')
INSERT INTO Paper_Keyword VALUES(38,'Life cycle analysis')
INSERT INTO Paper_Keyword VALUES(38,'non Carbon dioxide indicators')
INSERT INTO Paper_Keyword VALUES(38,'sensitivity analysis')
INSERT INTO Paper_Keyword VALUES(39,'Literature analysis')
INSERT INTO Paper_Keyword VALUES(40,'Literature analysis')
INSERT INTO Paper_Keyword VALUES(40,'Product design')
INSERT INTO Paper_Keyword VALUES(41,'Carbon footprinting method')
INSERT INTO Paper_Keyword VALUES(41,'Carbon footprinting model')
INSERT INTO Paper_Keyword VALUES(42,'Carbon footprinting application')
INSERT INTO Paper_Keyword VALUES(42,'Game theory')

INSERT INTO Paper_Author VALUES(1, 'Christoph J Meinrenken')
INSERT INTO Paper_Author VALUES(1, 'Klaus S Lackner')
INSERT INTO Paper_Author VALUES(1, 'Scott M Kaufman')
INSERT INTO Paper_Author VALUES(1, 'Siddharth Ramesh')
INSERT INTO Paper_Author VALUES(2, 'Jan Minx')
INSERT INTO Paper_Author VALUES(2, 'Thomas Wiedmann')
INSERT INTO Paper_Author VALUES(3, 'Gjalt Huppes')
INSERT INTO Paper_Author VALUES(3, 'Sangwon Suh')
INSERT INTO Paper_Author VALUES(4, 'Adolf A Acquaye')
INSERT INTO Paper_Author VALUES(4, 'Aidan P Duffy')
INSERT INTO Paper_Author VALUES(4, 'Johan Kuylenstierna')
INSERT INTO Paper_Author VALUES(4, 'John Barrett')
INSERT INTO Paper_Author VALUES(4, 'Kuishang Feng')
INSERT INTO Paper_Author VALUES(4, 'Robert H Crawford')
INSERT INTO Paper_Author VALUES(4, 'S C Lenny Koh')
INSERT INTO Paper_Author VALUES(4, 'Simon McQueen-Mason')
INSERT INTO Paper_Author VALUES(4, 'Thomas Wiedmann')
INSERT INTO Paper_Author VALUES(5, 'Manfred Lenzen')
INSERT INTO Paper_Author VALUES(5, 'Oliver Baboulet')
INSERT INTO Paper_Author VALUES(6, 'Anne E. Björklund')
INSERT INTO Paper_Author VALUES(7, 'Gabor Doka')
INSERT INTO Paper_Author VALUES(7, 'Gerald Rebitzer')
INSERT INTO Paper_Author VALUES(7, 'Hans-Jörg Althaus')
INSERT INTO Paper_Author VALUES(7, 'Michael Spielmann')
INSERT INTO Paper_Author VALUES(7, 'Niels Jungbluth')
INSERT INTO Paper_Author VALUES(7, 'Roberto Dones')
INSERT INTO Paper_Author VALUES(7, 'Rolf Frischknecht')
INSERT INTO Paper_Author VALUES(7, 'Ronald Hischier')
INSERT INTO Paper_Author VALUES(7, 'Stefanie Hellweg')
INSERT INTO Paper_Author VALUES(7, 'Thomas Heck')
INSERT INTO Paper_Author VALUES(7, 'Thomas Nemecek')
INSERT INTO Paper_Author VALUES(8, 'Alessandro Manzardo')
INSERT INTO Paper_Author VALUES(8, 'Anna Mazzi')
INSERT INTO Paper_Author VALUES(8, 'Antonio Scipioni')
INSERT INTO Paper_Author VALUES(8, 'Michele Mastrobuono')
INSERT INTO Paper_Author VALUES(9, 'Daniel R Williams')
INSERT INTO Paper_Author VALUES(9, 'Yinshan Tang')
INSERT INTO Paper_Author VALUES(10, 'Anders Hammer Strømman')
INSERT INTO Paper_Author VALUES(10, 'Bhawna Singh')
INSERT INTO Paper_Author VALUES(10, 'Guillaume Majeau-Bettez')
INSERT INTO Paper_Author VALUES(10, 'Troy R Hawkins')
INSERT INTO Paper_Author VALUES(11, 'Alessandra Zamagni')
INSERT INTO Paper_Author VALUES(11, 'Gjalt Huppes')
INSERT INTO Paper_Author VALUES(11, 'Jeroen B Guinée')
INSERT INTO Paper_Author VALUES(11, 'Paolo Masoni')
INSERT INTO Paper_Author VALUES(11, 'Reinout Heijungs')
INSERT INTO Paper_Author VALUES(11, 'Roberto Buonamici')
INSERT INTO Paper_Author VALUES(11, 'Tomas Ekvall')
INSERT INTO Paper_Author VALUES(11, 'Tomas Rydberg')
INSERT INTO Paper_Author VALUES(12, 'Ki-Hoon Lee')
INSERT INTO Paper_Author VALUES(13, 'John Barrett')
INSERT INTO Paper_Author VALUES(13, 'Thomas Wiedmann')
INSERT INTO Paper_Author VALUES(14, 'Manfred Lenzen')
INSERT INTO Paper_Author VALUES(14, 'Richard Wood')
INSERT INTO Paper_Author VALUES(14, 'Thomas Wiedmann')
INSERT INTO Paper_Author VALUES(15, 'Chris T Hendrickson')
INSERT INTO Paper_Author VALUES(15, 'Christopther L Weber')
INSERT INTO Paper_Author VALUES(15, 'H Scott Matthews')
INSERT INTO Paper_Author VALUES(16, 'DC Howard')
INSERT INTO Paper_Author VALUES(16, 'J Moss')
INSERT INTO Paper_Author VALUES(16, 'K Kaivanto')
INSERT INTO Paper_Author VALUES(16, 'M Berners-Lee')
INSERT INTO Paper_Author VALUES(16, 'WA Scott')
INSERT INTO Paper_Author VALUES(17, 'Laura Sokka')
INSERT INTO Paper_Author VALUES(17, 'Suvi Pakarinen')
INSERT INTO Paper_Author VALUES(17, 'Tuomas J Mattila')
INSERT INTO Paper_Author VALUES(18, 'Gregory M Peters')
INSERT INTO Paper_Author VALUES(18, 'Hazel V Rowley')
INSERT INTO Paper_Author VALUES(18, 'Sven Lundie')
INSERT INTO Paper_Author VALUES(19, 'Arpad Horvath')
INSERT INTO Paper_Author VALUES(19, 'Gjalt Huppes')
INSERT INTO Paper_Author VALUES(19, 'Graham J Treloar')
INSERT INTO Paper_Author VALUES(19, 'Gregory Norris')
INSERT INTO Paper_Author VALUES(19, 'Hiroki Hondo')
INSERT INTO Paper_Author VALUES(19, 'Jesper Munksgaard')
INSERT INTO Paper_Author VALUES(19, 'Manfred Lenzen')
INSERT INTO Paper_Author VALUES(19, 'Oliver Jolliet')
INSERT INTO Paper_Author VALUES(19, 'Sangwon Suh')
INSERT INTO Paper_Author VALUES(19, 'Uwe Klann')
INSERT INTO Paper_Author VALUES(19, 'Wolfram Krewitt')
INSERT INTO Paper_Author VALUES(19, 'Yuichi Moriguchi')
INSERT INTO Paper_Author VALUES(20, 'B  Wicke')
INSERT INTO Paper_Author VALUES(20, 'J Hotchkiss')
INSERT INTO Paper_Author VALUES(20, 'M Carus')
INSERT INTO Paper_Author VALUES(20, 'M Weiss')
INSERT INTO Paper_Author VALUES(20, 'M Wellisch')
INSERT INTO Paper_Author VALUES(20, 'MK Patel')
INSERT INTO Paper_Author VALUES(20, 'P Pawelzik')
INSERT INTO Paper_Author VALUES(20, 'R Naraya')
INSERT INTO Paper_Author VALUES(20, 'S Selke')
INSERT INTO Paper_Author VALUES(21, 'Cecilia Sundberg')
INSERT INTO Paper_Author VALUES(21, 'Elin Röös')
INSERT INTO Paper_Author VALUES(21, 'Ingrid Strid')
INSERT INTO Paper_Author VALUES(21, 'Per-Anders Hansson')
INSERT INTO Paper_Author VALUES(21, 'Pernilla Tidåker')
INSERT INTO Paper_Author VALUES(22, 'Carly Whittaker')
INSERT INTO Paper_Author VALUES(22, 'Marcelle C McManus')
INSERT INTO Paper_Author VALUES(22, 'Pete Smith')
INSERT INTO Paper_Author VALUES(23, 'JL Hackler')
INSERT INTO Paper_Author VALUES(23, 'RA Houghton')
INSERT INTO Paper_Author VALUES(24, 'Alfred Posch')
INSERT INTO Paper_Author VALUES(24, 'Nina Braschel')
INSERT INTO Paper_Author VALUES(25, 'Alessandro Galli')
INSERT INTO Paper_Author VALUES(25, 'Ertug Ercin')
INSERT INTO Paper_Author VALUES(25, 'Gemma Cranston')
INSERT INTO Paper_Author VALUES(25, 'Jan Weinzettel')
INSERT INTO Paper_Author VALUES(26, 'Adrian G Williams')
INSERT INTO Paper_Author VALUES(26, 'Anthony H Waller')
INSERT INTO Paper_Author VALUES(26, 'Ilias Kyriazakis')
INSERT INTO Paper_Author VALUES(26, 'Ilkka Leinonen')
INSERT INTO Paper_Author VALUES(27, 'Ilmo Mäenpää')
INSERT INTO Paper_Author VALUES(27, 'Jyri Seppälä')
INSERT INTO Paper_Author VALUES(27, 'Sirkka Koskela')
INSERT INTO Paper_Author VALUES(27, 'Tuomas J Mattila')
INSERT INTO Paper_Author VALUES(28, 'A Vanderzaag')
INSERT INTO Paper_Author VALUES(28, 'D Maxime')
INSERT INTO Paper_Author VALUES(28, 'J A Dyer')
INSERT INTO Paper_Author VALUES(28, 'R L Desjardins')
INSERT INTO Paper_Author VALUES(28, 'X P C Vergé')
INSERT INTO Paper_Author VALUES(28, 'Y Arcand')
INSERT INTO Paper_Author VALUES(29, 'Cory Searcy')
INSERT INTO Paper_Author VALUES(29, 'Jonathan Pryshlakivsky')
INSERT INTO Paper_Author VALUES(30, 'Alan McKinnon')
INSERT INTO Paper_Author VALUES(30, 'Erika Kallionpää')
INSERT INTO Paper_Author VALUES(30, 'Heikki Liimatainen')
INSERT INTO Paper_Author VALUES(30, 'Markus Pöllänen')
INSERT INTO Paper_Author VALUES(30, 'Pekka Stenholm')
INSERT INTO Paper_Author VALUES(30, 'Petri Tapio')
INSERT INTO Paper_Author VALUES(31, 'CM Gasol')
INSERT INTO Paper_Author VALUES(31, 'E Sevigné Itoiz')
INSERT INTO Paper_Author VALUES(31, 'J Rieradevall')
INSERT INTO Paper_Author VALUES(31, 'R Farreny')
INSERT INTO Paper_Author VALUES(31, 'X Gabarrell')
INSERT INTO Paper_Author VALUES(32, 'Ana Cláudia Dias')
INSERT INTO Paper_Author VALUES(32, 'Luís Arroja')
INSERT INTO Paper_Author VALUES(33, 'Anders Hammer Strømman')
INSERT INTO Paper_Author VALUES(33, 'Ola Moa Gausen')
INSERT INTO Paper_Author VALUES(33, 'Troy R Hawkins')
INSERT INTO Paper_Author VALUES(34, 'Martha J Stevenson')
INSERT INTO Paper_Author VALUES(34, 'Wesley W Ingwersen')
INSERT INTO Paper_Author VALUES(35, 'Keith James')
INSERT INTO Paper_Author VALUES(36, 'Christian Solli')
INSERT INTO Paper_Author VALUES(36, 'Hogne Nersund Larsen')
INSERT INTO Paper_Author VALUES(36, 'Johan Pettersen')
INSERT INTO Paper_Author VALUES(37, 'A Hospido')
INSERT INTO Paper_Author VALUES(37, 'DM Bagley')
INSERT INTO Paper_Author VALUES(37, 'G Feijoo')
INSERT INTO Paper_Author VALUES(37, 'G Rodriguez-Garcia')
INSERT INTO Paper_Author VALUES(37, 'MT Moriera')
INSERT INTO Paper_Author VALUES(38, 'Anders Hammer Strømman')
INSERT INTO Paper_Author VALUES(38, 'Anne-Grete Roer')
INSERT INTO Paper_Author VALUES(38, 'Audun Korsaeth')
INSERT INTO Paper_Author VALUES(38, 'Ottar Michelsen')
INSERT INTO Paper_Author VALUES(38, 'Trond Maukon Henriksen')
INSERT INTO Paper_Author VALUES(39, 'Maria Csutora')
INSERT INTO Paper_Author VALUES(39, 'Stefan Schaltegger')
INSERT INTO Paper_Author VALUES(40, 'Christoph Herrmann')
INSERT INTO Paper_Author VALUES(40, 'Fumihiko Kimura')
INSERT INTO Paper_Author VALUES(40, 'John W Sutherland')
INSERT INTO Paper_Author VALUES(40, 'Joost R Duflou')
INSERT INTO Paper_Author VALUES(40, 'Sami Kara')
INSERT INTO Paper_Author VALUES(40, 'Shozo Takata')
INSERT INTO Paper_Author VALUES(40, 'Tetsuo Tomiyama')
INSERT INTO Paper_Author VALUES(40, 'Yasushi Umeda')
INSERT INTO Paper_Author VALUES(41, 'Cheng Hui Pei')
INSERT INTO Paper_Author VALUES(41, 'Gang Yu')
INSERT INTO Paper_Author VALUES(41, 'Ri Na Sa')
INSERT INTO Paper_Author VALUES(41, 'Shu You Zhang')
INSERT INTO Paper_Author VALUES(41, 'Xiu Fen Zhang')
INSERT INTO Paper_Author VALUES(41, 'Zhi Yong Hu')
INSERT INTO Paper_Author VALUES(42, 'Gareth Neighbour')
INSERT INTO Paper_Author VALUES(42, 'Jiaojie Han')
INSERT INTO Paper_Author VALUES(42, 'Michael McGuire')
INSERT INTO Paper_Author VALUES(42, 'Pauline Deutz')
INSERT INTO Paper_Author VALUES(42, 'Rui Zhao')


---------- ONLY RUN THIS NEXT PART IF YOU HAVE THE TABLE IN RAWDATA -----------
INSERT INTO MendeleyPaper (intYear, strTitle, strType, strPublication)
SELECT DISTINCT intyear, strtitle, strtype, strpublication
FROM RawData..MendeleyImport

INSERT INTO MendeleyAuthor (intMendeleyPaperId, strAuthor)
SELECT DISTINCT m.intId, i.strNocolumnname
FROM MendeleyPaper m
	INNER JOIN RawData..MendeleyImport i ON i.intyear = m.intYear AND
	i.strtitle = m.strTitle AND 
	i.strtype = m.strType AND
	i.strpublication = m.strPublication

INSERT INTO PaperMendeleyPaper VALUES(1, 111)
INSERT INTO PaperMendeleyPaper VALUES(3, 27)
INSERT INTO PaperMendeleyPaper VALUES(5, 73)
INSERT INTO PaperMendeleyPaper VALUES(8, 114)
INSERT INTO PaperMendeleyPaper VALUES(9, 113)
INSERT INTO PaperMendeleyPaper VALUES(10, 138)
INSERT INTO PaperMendeleyPaper VALUES(11, 91)
INSERT INTO PaperMendeleyPaper VALUES(12, 90)
INSERT INTO PaperMendeleyPaper VALUES(14, 56)
INSERT INTO PaperMendeleyPaper VALUES(15, 55)
INSERT INTO PaperMendeleyPaper VALUES(18, 59)
INSERT INTO PaperMendeleyPaper VALUES(19, 24)
INSERT INTO PaperMendeleyPaper VALUES(21, 134)
INSERT INTO PaperMendeleyPaper VALUES(22, 127)
INSERT INTO PaperMendeleyPaper VALUES(23, 12)
INSERT INTO PaperMendeleyPaper VALUES(24, 131)
INSERT INTO PaperMendeleyPaper VALUES(26, 139)
INSERT INTO PaperMendeleyPaper VALUES(29, 145)
INSERT INTO PaperMendeleyPaper VALUES(31, 137)
INSERT INTO PaperMendeleyPaper VALUES(34, 104)
INSERT INTO PaperMendeleyPaper VALUES(35, 102)
INSERT INTO PaperMendeleyPaper VALUES(37, 99)
INSERT INTO PaperMendeleyPaper VALUES(38, 120)
INSERT INTO PaperMendeleyPaper VALUES(39, 105)
INSERT INTO PaperMendeleyPaper VALUES(41, 112)
INSERT INTO PaperMendeleyPaper VALUES(42, 124)
